farm_id,month,chicken_type,initial_chickens,average_chickens,mortality,mortality_rate,age_months,feed_kg,feed_price_per_kg,feed_cost,medicine_cost,vaccination_cost,labor_cost,electricity_cost,water_cost,transport_cost,other_cost,eggs_produced,eggs_sold,broken_eggs,egg_price,average_market_egg_price,egg_revenue,chickens_sold,average_weight_kg,chicken_price_per_kg,average_market_chicken_price,chicken_revenue,total_revenue,total_cost,profit
1,1,Broiler,1694,1652,83,0.049,2,5780,53.21,307553.8,7928.16,3304.0,12823.18,5782.0,1652.0,4219.83,2478.0,0,0,0,12.3,11.62,0.0,1533,2.34,195.05,182.7,699687.26,699687.26,345740.97,353946.29
1,2,Broiler,1726,1683,86,0.0498,1,5947,53.49,318105.03,8076.93,3366.0,13958.43,5890.5,1683.0,4088.3,2524.5,0,0,0,11.77,11.73,0.0,1504,2.21,188.34,185.4,626012.03,626012.03,357692.69,268319.34
1,4,Broiler,1656,1619,73,0.0441,1,5105,55.5,283327.5,7769.79,3238.0,12641.96,5666.5,1619.0,4555.77,2428.5,0,0,0,11.64,11.96,0.0,1437,2.15,195.05,190.8,602616.73,602616.73,321247.02,281369.71
1,5,Broiler,1700,1661,78,0.0459,2,5450,53.3,290485.0,7971.35,3322.0,13772.71,5813.5,1661.0,4061.93,2491.5,0,0,0,12.44,12.08,0.0,1297,2.2,202.23,193.5,577043.08,577043.08,329578.99,247464.09
2,1,Sonali,4091,3988,205,0.0501,1,15918,50.58,805132.44,18439.33,7976.0,30620.2,13958.0,3988.0,8966.9,5982.0,0,0,0,11.25,11.62,0.0,1445,1.03,244.67,284.2,364154.59,364154.59,895062.8699999999,-530908.28
2,2,Sonali,4013,3916,194,0.0483,2,15088,52.75,795892.0,18106.43,7832.0,31653.2,13706.0,3916.0,9643.94,5874.0,0,0,0,11.5,11.73,0.0,1650,1.13,268.31,288.4,500263.99,500263.99,886623.57,-386359.58
2,3,Sonali,4035,3944,182,0.0451,2,14182,52.21,740442.22,18235.89,7888.0,33427.79,13804.0,3944.0,11260.62,5916.0,0,0,0,11.65,11.85,0.0,1642,1.13,267.26,292.6,495890.24,495890.24,834918.52,-339028.28
2,5,Sonali,4018,3925,185,0.046,1,14364,53.95,774937.8,18148.04,7850.0,31564.43,13737.5,3925.0,8096.74,5887.5,0,0,0,11.62,12.08,0.0,1143,1.05,299.55,301.0,359504.93,359504.93,864147.0100000001,-504642.08
2,6,Sonali,4102,4010,184,0.0449,1,14345,56.89,816087.05,18541.05,8020.0,32137.57,14035.0,4010.0,11894.67,6015.0,0,0,0,12.49,12.19,0.0,1541,1.11,306.92,305.2,524989.73,524989.73,910740.34,-385750.61
3,1,Layer,2783,2711,144,0.0517,1,12606,51.29,646561.74,22290.09,5422.0,21396.69,9488.5,2711.0,5985.28,4066.5,66198,64305,1893,11.36,11.62,730504.8,24,1.45,224.6,243.6,7816.08,738320.88,717921.7999999999,20399.08
3,6,Layer,2911,2837,148,0.0508,2,12908,55.8,720266.4,23326.08,5674.0,23525.7,9929.5,2837.0,7398.07,4255.5,67787,65947,1840,12.28,12.19,809829.16,44,1.46,215.5,261.6,13843.72,823672.88,797212.2499999999,26460.63
4,3,Layer,12913,12742,342,0.0265,2,52496,51.7,2714043.2,60842.08,25484.0,107011.15,44597.0,12742.0,30972.94,19113.0,270304,267210,3094,11.84,11.85,3163766.4,377,1.32,220.3,250.8,109630.09,3273396.49,3014805.37,258591.12
4,4,Layer,12016,11835,361,0.03,1,55370,54.35,3009359.5,56511.22,23670.0,98685.03,41422.5,11835.0,28630.77,17752.5,285106,279505,5601,11.98,11.96,3348469.9,452,1.41,221.67,254.4,141274.72,3489744.62,3287866.52,201878.1
4,5,Layer,12770,12578,384,0.0301,1,58845,53.83,3167626.35,60058.99,25156.0,106033.17,44023.0,12578.0,33432.69,18867.0,302999,294992,8007,11.73,12.08,3460256.16,589,1.48,233.05,258.0,203154.35,3663410.51,3467775.2,195635.31
5,5,Layer,2607,2567,80,0.0307,2,12157,56.17,682858.69,14173.26,5134.0,20236.7,8984.5,2567.0,5358.3,3850.5,47888,46576,1312,12.06,12.08,561706.56,45,1.29,210.62,258.0,12226.49,573933.05,743162.95,-169229.9
5,6,Layer,2470,2431,77,0.0312,2,11656,58.77,685023.12,13422.36,4862.0,20943.17,8508.5,2431.0,5222.83,3646.5,45911,45237,674,11.99,12.19,542391.63,39,1.57,204.08,261.6,12495.82,554887.45,744059.48,-189172.03
6,1,Broiler,8670,8436,468,0.054,1,34272,48.82,1673159.04,41489.68,16872.0,66043.37,29526.0,8436.0,24255.1,12654.0,0,0,0,11.92,11.62,0.0,6621,2.16,169.74,182.7,2427512.85,2427512.85,1872435.19,555077.66
6,2,Broiler,9480,9237,485,0.0512,1,35638,52.1,1856739.8,45429.13,18474.0,77481.06,32329.5,9237.0,25620.63,13855.5,0,0,0,11.67,11.73,0.0,7257,2.45,189.19,185.4,3363731.98,3363731.98,2079166.62,1284565.36
6,3,Broiler,9215,9002,425,0.0461,1,31259,52.17,1630782.03,44273.36,18004.0,73630.56,31507.0,9002.0,21179.99,13503.0,0,0,0,11.85,11.85,0.0,8557,2.25,179.1,188.1,3448257.07,3448257.07,1841881.94,1606375.13
6,4,Broiler,7640,7443,394,0.0516,2,28925,53.81,1556454.25,36605.94,14886.0,53327.94,26050.5,7443.0,17244.16,11164.5,0,0,0,12.14,11.96,0.0,6023,2.11,185.83,190.8,2361626.13,2361626.13,1723176.2899999998,638449.84
6,6,Broiler,9134,8907,453,0.0496,1,33294,56.01,1864796.94,43806.14,17814.0,71758.49,31174.5,8907.0,23394.1,13360.5,0,0,0,12.55,12.19,0.0,7221,2.3,168.35,196.2,2796007.3,2796007.3,2075011.67,720995.63
7,1,Broiler,2821,2759,124,0.044,1,8109,52.65,426938.85,13217.97,5518.0,21793.47,9656.5,2759.0,7132.43,4138.5,0,0,0,12.12,11.62,0.0,2375,2.24,205.65,182.7,1094058.0,1094058.0,491154.7199999999,602903.28
7,2,Broiler,2530,2466,128,0.0506,2,8352,53.45,446414.4,11814.25,4932.0,19341.9,8631.0,2466.0,5259.31,3699.0,0,0,0,11.41,11.73,0.0,2224,2.33,189.36,185.4,981248.37,981248.37,502557.86,478690.51
7,4,Broiler,2603,2548,110,0.0423,2,7230,52.86,382177.8,12207.1,5096.0,20558.25,8918.0,2548.0,4830.72,3822.0,0,0,0,11.77,11.96,0.0,2351,2.24,225.84,190.8,1189327.64,1189327.64,440157.87,749169.77
8,1,Broiler,2611,2538,146,0.0559,2,8424,51.1,430466.4,15083.02,5076.0,20825.35,8883.0,2538.0,6947.1,3807.0,0,0,0,11.39,11.62,0.0,2374,2.18,174.95,182.7,905422.23,905422.23,493625.87,411796.36
8,3,Broiler,2563,2482,161,0.0628,1,9198,54.49,501199.02,14750.22,4964.0,19160.21,8687.0,2482.0,6703.2,3723.0,0,0,0,11.65,11.85,0.0,1967,2.11,204.94,188.1,850576.83,850576.83,561668.6499999999,288908.18
8,4,Broiler,2882,2800,164,0.0569,2,9403,54.21,509736.63,16640.06,5600.0,21743.62,9800.0,2800.0,6943.82,4200.0,0,0,0,12.35,11.96,0.0,2344,2.22,178.04,190.8,926463.19,926463.19,577464.13,348999.06
10,1,Broiler,13989,13640,697,0.0498,2,56528,50.48,2853533.44,66243.87,27280.0,112102.75,47740.0,13640.0,34520.22,20460.0,0,0,0,11.87,11.62,0.0,12245,2.18,142.84,182.7,3812985.24,3812985.24,3175520.2800000003,637464.96
10,3,Broiler,14173,13860,626,0.0442,2,50898,51.97,2645169.06,67312.32,27720.0,114387.25,48510.0,13860.0,34819.97,20790.0,0,0,0,11.77,11.85,0.0,12366,2.03,152.41,188.1,3825945.18,3825945.18,2972568.6,853376.58
10,4,Broiler,14206,13871,670,0.0472,2,54409,52.75,2870074.75,67365.74,27742.0,108687.99,48548.5,13871.0,33404.06,20806.5,0,0,0,11.71,11.96,0.0,10997,2.13,167.96,190.8,3934229.54,3934229.54,3190500.5400000005,743729.0
10,5,Broiler,14649,14290,717,0.0489,1,58138,53.54,3112708.52,69400.66,28580.0,110309.24,50015.0,14290.0,37477.8,21435.0,0,0,0,11.71,12.08,0.0,13352,2.28,171.75,193.5,5228509.68,5228509.68,3444216.22,1784293.46
11,1,Cock,760,737,46,0.0605,2,2472,53.1,131263.2,4342.26,1474.0,5544.13,2579.5,737.0,2014.82,1105.5,0,0,0,11.45,11.62,0.0,89,1.23,270.02,263.9,29559.09,29559.09,149060.41000000003,-119501.32
11,2,Cock,774,751,45,0.0581,1,2400,51.55,123720.0,4424.74,1502.0,6626.99,2628.5,751.0,1653.5,1126.5,0,0,0,11.72,11.73,0.0,211,1.15,308.44,267.8,74842.97,74842.97,142433.23,-67590.26
11,3,Cock,728,708,39,0.0536,2,2120,55.22,117066.4,4171.39,1416.0,5630.96,2478.0,708.0,1852.31,1062.0,0,0,0,11.91,11.85,0.0,138,1.19,300.46,271.7,49341.54,49341.54,134385.06,-85043.52
11,5,Cock,860,835,50,0.0581,1,2697,57.65,155482.05,4919.65,1670.0,7090.07,2922.5,835.0,2061.82,1252.5,0,0,0,12.11,12.08,0.0,206,1.17,304.3,279.5,73342.39,73342.39,176233.59,-102891.2
13,2,Layer,1570,1548,43,0.0274,2,6184,53.5,330844.0,7118.43,3096.0,11516.81,5418.0,1548.0,4148.58,2322.0,40494,39937,557,12.24,11.73,488828.88,42,1.45,265.51,247.2,16169.56,504998.44,366011.82,138986.62
14,1,Sonali,3726,3630,191,0.0513,2,13626,51.4,700376.4,19032.78,7260.0,27041.04,12705.0,3630.0,9726.58,5445.0,0,0,0,12.2,11.62,0.0,1667,1.14,282.22,284.2,536325.24,536325.24,785216.8,-248891.56
14,2,Sonali,3775,3678,193,0.0511,1,13763,51.71,711684.73,19284.45,7356.0,30015.09,12873.0,3678.0,9018.35,5517.0,0,0,0,12.22,11.73,0.0,473,1.1,249.52,288.4,129825.26,129825.26,799426.6199999999,-669601.36
14,3,Sonali,4003,3898,209,0.0522,1,14872,52.8,785241.6,20437.95,7796.0,29625.87,13643.0,3898.0,9692.63,5847.0,0,0,0,12.14,11.85,0.0,1573,1.05,255.26,292.6,421600.18,421600.18,876182.0499999999,-454581.87
14,6,Sonali,3548,3453,190,0.0536,1,13486,54.6,736335.6,18104.73,6906.0,30959.31,12085.5,3453.0,8701.55,5179.5,0,0,0,12.32,12.19,0.0,538,1.08,268.29,305.2,155887.22,155887.22,821725.1900000001,-665837.97
15,2,Desi,296,289,14,0.0473,2,861,54.39,46829.79,1484.58,578.0,2416.49,1011.5,289.0,551.78,433.5,1431,1379,52,11.37,11.73,15679.23,119,0.96,515.0,463.5,58833.6,74512.83,53594.64,20918.19
15,4,Desi,309,301,15,0.0485,2,953,58.04,55312.12,1546.22,602.0,2651.08,1053.5,301.0,732.3,451.5,1158,1122,36,11.71,11.96,13138.62,82,1.06,515.73,477.0,44827.25,57965.87,62649.72000000001,-4683.85
15,5,Desi,296,289,14,0.0473,1,874,54.94,48017.56,1484.58,578.0,2335.2,1011.5,289.0,748.7,433.5,1417,1355,62,12.58,12.08,17045.9,88,0.99,557.49,483.75,48568.53,65614.43,54898.03999999999,10716.39
15,6,Desi,287,279,15,0.0523,2,901,59.03,53186.03,1433.21,558.0,2184.26,976.5,279.0,678.98,418.5,1660,1620,40,12.37,12.19,20039.4,124,0.97,529.56,490.5,63695.48,83734.88,59714.48,24020.4
17,1,Desi,278,272,11,0.0396,2,884,53.03,46878.52,1186.79,544.0,2295.75,952.0,272.0,697.2,408.0,906,877,29,11.6,11.62,10173.2,118,1.02,448.26,456.75,53952.57,64125.77,53234.26,10891.51
17,2,Desi,296,289,13,0.0439,2,1045,54.83,57297.35,1260.97,578.0,2369.25,1011.5,289.0,725.31,433.5,1351,1299,52,11.78,11.73,15302.22,79,1.03,510.57,463.5,41545.08,56847.3,63964.88,-7117.58
17,3,Desi,295,289,12,0.0407,1,999,52.88,52827.12,1260.97,578.0,2277.75,1011.5,289.0,606.44,433.5,1127,1080,47,12.13,11.85,13100.4,95,1.04,476.68,470.25,47095.98,60196.38,59284.280000000006,912.1
17,4,Desi,297,291,12,0.0404,1,1020,55.37,56477.4,1269.69,582.0,2131.04,1018.5,291.0,789.51,436.5,1373,1319,54,11.71,11.96,15445.49,84,0.96,454.26,477.0,36631.53,52077.02,62995.64000000001,-10918.62
17,5,Desi,325,318,14,0.0431,1,1131,58.14,65756.34,1387.5,636.0,2607.74,1113.0,318.0,810.07,477.0,1447,1400,47,12.44,12.08,17416.0,127,0.91,464.38,483.75,53668.4,71084.4,73105.65000000001,-2021.25
17,6,Desi,303,296,13,0.0429,1,1090,59.73,65105.7,1291.51,592.0,2335.85,1036.0,296.0,843.72,444.0,1004,977,27,12.6,12.19,12310.2,83,0.95,464.97,490.5,36662.88,48973.08,71944.78,-22971.7
